date,gas_price
20140101,26.52727273
20140102,26.52727273
20140103,26.52727273
20140104,26.52727273
20140105,26.52727273
20140106,26.52727273
20140107,26.52727273
20140108,26.52727273
20140109,26.52727273
20140110,26.52727273
20140111,26.52727273
20140112,26.52727273
20140113,26.52727273
20140114,26.52727273
20140115,26.52727273
20140116,26.52727273
20140117,26.52727273
20140118,26.52727273
20140119,26.52727273
20140120,26.52727273
20140121,26.52727273
20140122,26.52727273
20140123,26.52727273
20140124,26.52727273
20140125,26.52727273
20140126,26.52727273
20140127,26.52727273
20140128,26.52727273
20140129,26.52727273
20140130,26.52727273
20140131,26.52727273
20140201,23.9975
20140202,23.9975
20140203,23.9975
20140204,23.9975
20140205,23.9975
20140206,23.9975
20140207,23.9975
20140208,23.9975
20140209,23.9975
20140210,23.9975
20140211,23.9975
20140212,23.9975
20140213,23.9975
20140214,23.9975
20140215,23.9975
20140216,23.9975
20140217,23.9975
20140218,23.9975
20140219,23.9975
20140220,23.9975
20140221,23.9975
20140222,23.9975
20140223,23.9975
20140224,23.9975
20140225,23.9975
20140226,23.9975
20140227,23.9975
20140228,23.9975
20140301,23.11904762
20140302,23.11904762
20140303,23.11904762
20140304,23.11904762
20140305,23.11904762
20140306,23.11904762
20140307,23.11904762
20140308,23.11904762
20140309,23.11904762
20140310,23.11904762
20140311,23.11904762
20140312,23.11904762
20140313,23.11904762
20140314,23.11904762
20140315,23.11904762
20140316,23.11904762
20140317,23.11904762
20140318,23.11904762
20140319,23.11904762
20140320,23.11904762
20140321,23.11904762
20140322,23.11904762
20140323,23.11904762
20140324,23.11904762
20140325,23.11904762
20140326,23.11904762
20140327,23.11904762
20140328,23.11904762
20140329,23.11904762
20140330,23.11904762
20140331,23.11904762
20140401,18.625
20140402,18.625
20140403,18.625
20140404,18.625
20140405,18.625
20140406,18.625
20140407,18.625
20140408,18.625
20140409,18.625
20140410,18.625
20140411,18.625
20140412,18.625
20140413,18.625
20140414,18.625
20140415,18.625
20140416,18.625
20140417,18.625
20140418,18.625
20140419,18.625
20140420,18.625
20140421,18.625
20140422,18.625
20140423,18.625
20140424,18.625
20140425,18.625
20140426,18.625
20140427,18.625
20140428,18.625
20140429,18.625
20140430,18.625
20140501,18.50263158
20140502,18.50263158
20140503,18.50263158
20140504,18.50263158
20140505,18.50263158
20140506,18.50263158
20140507,18.50263158
20140508,18.50263158
20140509,18.50263158
20140510,18.50263158
20140511,18.50263158
20140512,18.50263158
20140513,18.50263158
20140514,18.50263158
20140515,18.50263158
20140516,18.50263158
20140517,18.50263158
20140518,18.50263158
20140519,18.50263158
20140520,18.50263158
20140521,18.50263158
20140522,18.50263158
20140523,18.50263158
20140524,18.50263158
20140525,18.50263158
20140526,18.50263158
20140527,18.50263158
20140528,18.50263158
20140529,18.50263158
20140530,18.50263158
20140531,18.50263158
20140601,16.9452381
20140602,16.9452381
20140603,16.9452381
20140604,16.9452381
20140605,16.9452381
20140606,16.9452381
20140607,16.9452381
20140608,16.9452381
20140609,16.9452381
20140610,16.9452381
20140611,16.9452381
20140612,16.9452381
20140613,16.9452381
20140614,16.9452381
20140615,16.9452381
20140616,16.9452381
20140617,16.9452381
20140618,16.9452381
20140619,16.9452381
20140620,16.9452381
20140621,16.9452381
20140622,16.9452381
20140623,16.9452381
20140624,16.9452381
20140625,16.9452381
20140626,16.9452381
20140627,16.9452381
20140628,16.9452381
20140629,16.9452381
20140630,16.9452381
20140701,16.43913043
20140702,16.43913043
20140703,16.43913043
20140704,16.43913043
20140705,16.43913043
20140706,16.43913043
20140707,16.43913043
20140708,16.43913043
20140709,16.43913043
20140710,16.43913043
20140711,16.43913043
20140712,16.43913043
20140713,16.43913043
20140714,16.43913043
20140715,16.43913043
20140716,16.43913043
20140717,16.43913043
20140718,16.43913043
20140719,16.43913043
20140720,16.43913043
20140721,16.43913043
20140722,16.43913043
20140723,16.43913043
20140724,16.43913043
20140725,16.43913043
20140726,16.43913043
20140727,16.43913043
20140728,16.43913043
20140729,16.43913043
20140730,16.43913043
20140731,16.43913043
20140801,17.965
20140802,17.965
20140803,17.965
20140804,17.965
20140805,17.965
20140806,17.965
20140807,17.965
20140808,17.965
20140809,17.965
20140810,17.965
20140811,17.965
20140812,17.965
20140813,17.965
20140814,17.965
20140815,17.965
20140816,17.965
20140817,17.965
20140818,17.965
20140819,17.965
20140820,17.965
20140821,17.965
20140822,17.965
20140823,17.965
20140824,17.965
20140825,17.965
20140826,17.965
20140827,17.965
20140828,17.965
20140829,17.965
20140830,17.965
20140831,17.965
20140901,20.28636364
20140902,20.28636364
20140903,20.28636364
20140904,20.28636364
20140905,20.28636364
20140906,20.28636364
20140907,20.28636364
20140908,20.28636364
20140909,20.28636364
20140910,20.28636364
20140911,20.28636364
20140912,20.28636364
20140913,20.28636364
20140914,20.28636364
20140915,20.28636364
20140916,20.28636364
20140917,20.28636364
20140918,20.28636364
20140919,20.28636364
20140920,20.28636364
20140921,20.28636364
20140922,20.28636364
20140923,20.28636364
20140924,20.28636364
20140925,20.28636364
20140926,20.28636364
20140927,20.28636364
20140928,20.28636364
20140929,20.28636364
20140930,20.28636364
20141001,22.8326087
20141002,22.8326087
20141003,22.8326087
20141004,22.8326087
20141005,22.8326087
20141006,22.8326087
20141007,22.8326087
20141008,22.8326087
20141009,22.8326087
20141010,22.8326087
20141011,22.8326087
20141012,22.8326087
20141013,22.8326087
20141014,22.8326087
20141015,22.8326087
20141016,22.8326087
20141017,22.8326087
20141018,22.8326087
20141019,22.8326087
20141020,22.8326087
20141021,22.8326087
20141022,22.8326087
20141023,22.8326087
20141024,22.8326087
20141025,22.8326087
20141026,22.8326087
20141027,22.8326087
20141028,22.8326087
20141029,22.8326087
20141030,22.8326087
20141031,22.8326087
20141101,22.765
20141102,22.765
20141103,22.765
20141104,22.765
20141105,22.765
20141106,22.765
20141107,22.765
20141108,22.765
20141109,22.765
20141110,22.765
20141111,22.765
20141112,22.765
20141113,22.765
20141114,22.765
20141115,22.765
20141116,22.765
20141117,22.765
20141118,22.765
20141119,22.765
20141120,22.765
20141121,22.765
20141122,22.765
20141123,22.765
20141124,22.765
20141125,22.765
20141126,22.765
20141127,22.765
20141128,22.765
20141129,22.765
20141130,22.765
20141201,23.05
20141202,23.05
20141203,23.05
20141204,23.05
20141205,23.05
20141206,23.05
20141207,23.05
20141208,23.05
20141209,23.05
20141210,23.05
20141211,23.05
20141212,23.05
20141213,23.05
20141214,23.05
20141215,23.05
20141216,23.05
20141217,23.05
20141218,23.05
20141219,23.05
20141220,23.05
20141221,23.05
20141222,23.05
20141223,23.05
20141224,23.05
20141225,23.05
20141226,23.05
20141227,23.05
20141228,23.05
20141229,23.05
20141230,23.05
20141231,23.05
20150101,19.89047619
20150102,19.89047619
20150103,19.89047619
20150104,19.89047619
20150105,19.89047619
20150106,19.89047619
20150107,19.89047619
20150108,19.89047619
20150109,19.89047619
20150110,19.89047619
20150111,19.89047619
20150112,19.89047619
20150113,19.89047619
20150114,19.89047619
20150115,19.89047619
20150116,19.89047619
20150117,19.89047619
20150118,19.89047619
20150119,19.89047619
20150120,19.89047619
20150121,19.89047619
20150122,19.89047619
20150123,19.89047619
20150124,19.89047619
20150125,19.89047619
20150126,19.89047619
20150127,19.89047619
20150128,19.89047619
20150129,19.89047619
20150130,19.89047619
20150131,19.89047619
20150201,22.0425
20150202,22.0425
20150203,22.0425
20150204,22.0425
20150205,22.0425
20150206,22.0425
20150207,22.0425
20150208,22.0425
20150209,22.0425
20150210,22.0425
20150211,22.0425
20150212,22.0425
20150213,22.0425
20150214,22.0425
20150215,22.0425
20150216,22.0425
20150217,22.0425
20150218,22.0425
20150219,22.0425
20150220,22.0425
20150221,22.0425
20150222,22.0425
20150223,22.0425
20150224,22.0425
20150225,22.0425
20150226,22.0425
20150227,22.0425
20150228,22.0425
20150301,21.60227273
20150302,21.60227273
20150303,21.60227273
20150304,21.60227273
20150305,21.60227273
20150306,21.60227273
20150307,21.60227273
20150308,21.60227273
20150309,21.60227273
20150310,21.60227273
20150311,21.60227273
20150312,21.60227273
20150313,21.60227273
20150314,21.60227273
20150315,21.60227273
20150316,21.60227273
20150317,21.60227273
20150318,21.60227273
20150319,21.60227273
20150320,21.60227273
20150321,21.60227273
20150322,21.60227273
20150323,21.60227273
20150324,21.60227273
20150325,21.60227273
20150326,21.60227273
20150327,21.60227273
20150328,21.60227273
20150329,21.60227273
20150330,21.60227273
20150331,21.60227273
20150401,21.4325
20150402,21.4325
20150403,21.4325
20150404,21.4325
20150405,21.4325
20150406,21.4325
20150407,21.4325
20150408,21.4325
20150409,21.4325
20150410,21.4325
20150411,21.4325
20150412,21.4325
20150413,21.4325
20150414,21.4325
20150415,21.4325
20150416,21.4325
20150417,21.4325
20150418,21.4325
20150419,21.4325
20150420,21.4325
20150421,21.4325
20150422,21.4325
20150423,21.4325
20150424,21.4325
20150425,21.4325
20150426,21.4325
20150427,21.4325
20150428,21.4325
20150429,21.4325
20150430,21.4325
20150501,20.44736842
20150502,20.44736842
20150503,20.44736842
20150504,20.44736842
20150505,20.44736842
20150506,20.44736842
20150507,20.44736842
20150508,20.44736842
20150509,20.44736842
20150510,20.44736842
20150511,20.44736842
20150512,20.44736842
20150513,20.44736842
20150514,20.44736842
20150515,20.44736842
20150516,20.44736842
20150517,20.44736842
20150518,20.44736842
20150519,20.44736842
20150520,20.44736842
20150521,20.44736842
20150522,20.44736842
20150523,20.44736842
20150524,20.44736842
20150525,20.44736842
20150526,20.44736842
20150527,20.44736842
20150528,20.44736842
20150529,20.44736842
20150530,20.44736842
20150531,20.44736842
20150601,20.27272727
20150602,20.27272727
20150603,20.27272727
20150604,20.27272727
20150605,20.27272727
20150606,20.27272727
20150607,20.27272727
20150608,20.27272727
20150609,20.27272727
20150610,20.27272727
20150611,20.27272727
20150612,20.27272727
20150613,20.27272727
20150614,20.27272727
20150615,20.27272727
20150616,20.27272727
20150617,20.27272727
20150618,20.27272727
20150619,20.27272727
20150620,20.27272727
20150621,20.27272727
20150622,20.27272727
20150623,20.27272727
20150624,20.27272727
20150625,20.27272727
20150626,20.27272727
20150627,20.27272727
20150628,20.27272727
20150629,20.27272727
20150630,20.27272727
20150701,20.74891304
20150702,20.74891304
20150703,20.74891304
20150704,20.74891304
20150705,20.74891304
20150706,20.74891304
20150707,20.74891304
20150708,20.74891304
20150709,20.74891304
20150710,20.74891304
20150711,20.74891304
20150712,20.74891304
20150713,20.74891304
20150714,20.74891304
20150715,20.74891304
20150716,20.74891304
20150717,20.74891304
20150718,20.74891304
20150719,20.74891304
20150720,20.74891304
20150721,20.74891304
20150722,20.74891304
20150723,20.74891304
20150724,20.74891304
20150725,20.74891304
20150726,20.74891304
20150727,20.74891304
20150728,20.74891304
20150729,20.74891304
20150730,20.74891304
20150731,20.74891304
20150801,19.49875
20150802,19.49875
20150803,19.49875
20150804,19.49875
20150805,19.49875
20150806,19.49875
20150807,19.49875
20150808,19.49875
20150809,19.49875
20150810,19.49875
20150811,19.49875
20150812,19.49875
20150813,19.49875
20150814,19.49875
20150815,19.49875
20150816,19.49875
20150817,19.49875
20150818,19.49875
20150819,19.49875
20150820,19.49875
20150821,19.49875
20150822,19.49875
20150823,19.49875
20150824,19.49875
20150825,19.49875
20150826,19.49875
20150827,19.49875
20150828,19.49875
20150829,19.49875
20150830,19.49875
20150831,19.49875
20150901,19.07840909
20150902,19.07840909
20150903,19.07840909
20150904,19.07840909
20150905,19.07840909
20150906,19.07840909
20150907,19.07840909
20150908,19.07840909
20150909,19.07840909
20150910,19.07840909
20150911,19.07840909
20150912,19.07840909
20150913,19.07840909
20150914,19.07840909
20150915,19.07840909
20150916,19.07840909
20150917,19.07840909
20150918,19.07840909
20150919,19.07840909
20150920,19.07840909
20150921,19.07840909
20150922,19.07840909
20150923,19.07840909
20150924,19.07840909
20150925,19.07840909
20150926,19.07840909
20150927,19.07840909
20150928,19.07840909
20150929,19.07840909
20150930,19.07840909
20151001,18.31136364
20151002,18.31136364
20151003,18.31136364
20151004,18.31136364
20151005,18.31136364
20151006,18.31136364
20151007,18.31136364
20151008,18.31136364
20151009,18.31136364
20151010,18.31136364
20151011,18.31136364
20151012,18.31136364
20151013,18.31136364
20151014,18.31136364
20151015,18.31136364
20151016,18.31136364
20151017,18.31136364
20151018,18.31136364
20151019,18.31136364
20151020,18.31136364
20151021,18.31136364
20151022,18.31136364
20151023,18.31136364
20151024,18.31136364
20151025,18.31136364
20151026,18.31136364
20151027,18.31136364
20151028,18.31136364
20151029,18.31136364
20151030,18.31136364
20151031,18.31136364
20151101,17.48214286
20151102,17.48214286
20151103,17.48214286
20151104,17.48214286
20151105,17.48214286
20151106,17.48214286
20151107,17.48214286
20151108,17.48214286
20151109,17.48214286
20151110,17.48214286
20151111,17.48214286
20151112,17.48214286
20151113,17.48214286
20151114,17.48214286
20151115,17.48214286
20151116,17.48214286
20151117,17.48214286
20151118,17.48214286
20151119,17.48214286
20151120,17.48214286
20151121,17.48214286
20151122,17.48214286
20151123,17.48214286
20151124,17.48214286
20151125,17.48214286
20151126,17.48214286
20151127,17.48214286
20151128,17.48214286
20151129,17.48214286
20151130,17.48214286
20151201,16.1547619
20151202,16.1547619
20151203,16.1547619
20151204,16.1547619
20151205,16.1547619
20151206,16.1547619
20151207,16.1547619
20151208,16.1547619
20151209,16.1547619
20151210,16.1547619
20151211,16.1547619
20151212,16.1547619
20151213,16.1547619
20151214,16.1547619
20151215,16.1547619
20151216,16.1547619
20151217,16.1547619
20151218,16.1547619
20151219,16.1547619
20151220,16.1547619
20151221,16.1547619
20151222,16.1547619
20151223,16.1547619
20151224,16.1547619
20151225,16.1547619
20151226,16.1547619
20151227,16.1547619
20151228,16.1547619
20151229,16.1547619
20151230,16.1547619
20151231,16.1547619
20160101,13.86375
20160102,13.86375
20160103,13.86375
20160104,13.86375
20160105,13.86375
20160106,13.86375
20160107,13.86375
20160108,13.86375
20160109,13.86375
20160110,13.86375
20160111,13.86375
20160112,13.86375
20160113,13.86375
20160114,13.86375
20160115,13.86375
20160116,13.86375
20160117,13.86375
20160118,13.86375
20160119,13.86375
20160120,13.86375
20160121,13.86375
20160122,13.86375
20160123,13.86375
20160124,13.86375
20160125,13.86375
20160126,13.86375
20160127,13.86375
20160128,13.86375
20160129,13.86375
20160130,13.86375
20160131,13.86375
20160201,12.23928571
20160202,12.23928571
20160203,12.23928571
20160204,12.23928571
20160205,12.23928571
20160206,12.23928571
20160207,12.23928571
20160208,12.23928571
20160209,12.23928571
20160210,12.23928571
20160211,12.23928571
20160212,12.23928571
20160213,12.23928571
20160214,12.23928571
20160215,12.23928571
20160216,12.23928571
20160217,12.23928571
20160218,12.23928571
20160219,12.23928571
20160220,12.23928571
20160221,12.23928571
20160222,12.23928571
20160223,12.23928571
20160224,12.23928571
20160225,12.23928571
20160226,12.23928571
20160227,12.23928571
20160228,12.23928571
20160229,12.23928571
20160301,12.01666667
20160302,12.01666667
20160303,12.01666667
20160304,12.01666667
20160305,12.01666667
20160306,12.01666667
20160307,12.01666667
20160308,12.01666667
20160309,12.01666667
20160310,12.01666667
20160311,12.01666667
20160312,12.01666667
20160313,12.01666667
20160314,12.01666667
20160315,12.01666667
20160316,12.01666667
20160317,12.01666667
20160318,12.01666667
20160319,12.01666667
20160320,12.01666667
20160321,12.01666667
20160322,12.01666667
20160323,12.01666667
20160324,12.01666667
20160325,12.01666667
20160326,12.01666667
20160327,12.01666667
20160328,12.01666667
20160329,12.01666667
20160330,12.01666667
20160331,12.01666667
20160401,11.89761905
20160402,11.89761905
20160403,11.89761905
20160404,11.89761905
20160405,11.89761905
20160406,11.89761905
20160407,11.89761905
20160408,11.89761905
20160409,11.89761905
20160410,11.89761905
20160411,11.89761905
20160412,11.89761905
20160413,11.89761905
20160414,11.89761905
20160415,11.89761905
20160416,11.89761905
20160417,11.89761905
20160418,11.89761905
20160419,11.89761905
20160420,11.89761905
20160421,11.89761905
20160422,11.89761905
20160423,11.89761905
20160424,11.89761905
20160425,11.89761905
20160426,11.89761905
20160427,11.89761905
20160428,11.89761905
20160429,11.89761905
20160430,11.89761905
20160501,12.96625
20160502,12.96625
20160503,12.96625
20160504,12.96625
20160505,12.96625
20160506,12.96625
20160507,12.96625
20160508,12.96625
20160509,12.96625
20160510,12.96625
20160511,12.96625
20160512,12.96625
20160513,12.96625
20160514,12.96625
20160515,12.96625
20160516,12.96625
20160517,12.96625
20160518,12.96625
20160519,12.96625
20160520,12.96625
20160521,12.96625
20160522,12.96625
20160523,12.96625
20160524,12.96625
20160525,12.96625
20160526,12.96625
20160527,12.96625
20160528,12.96625
20160529,12.96625
20160530,12.96625
20160531,12.96625
20160601,14.42727273
20160602,14.42727273
20160603,14.42727273
20160604,14.42727273
20160605,14.42727273
20160606,14.42727273
20160607,14.42727273
20160608,14.42727273
20160609,14.42727273
20160610,14.42727273
20160611,14.42727273
20160612,14.42727273
20160613,14.42727273
20160614,14.42727273
20160615,14.42727273
20160616,14.42727273
20160617,14.42727273
20160618,14.42727273
20160619,14.42727273
20160620,14.42727273
20160621,14.42727273
20160622,14.42727273
20160623,14.42727273
20160624,14.42727273
20160625,14.42727273
20160626,14.42727273
20160627,14.42727273
20160628,14.42727273
20160629,14.42727273
20160630,14.42727273
20160701,14.36666667
20160702,14.36666667
20160703,14.36666667
20160704,14.36666667
20160705,14.36666667
20160706,14.36666667
20160707,14.36666667
20160708,14.36666667
20160709,14.36666667
20160710,14.36666667
20160711,14.36666667
20160712,14.36666667
20160713,14.36666667
20160714,14.36666667
20160715,14.36666667
20160716,14.36666667
20160717,14.36666667
20160718,14.36666667
20160719,14.36666667
20160720,14.36666667
20160721,14.36666667
20160722,14.36666667
20160723,14.36666667
20160724,14.36666667
20160725,14.36666667
20160726,14.36666667
20160727,14.36666667
20160728,14.36666667
20160729,14.36666667
20160730,14.36666667
20160731,14.36666667
20160801,12.35795455
20160802,12.35795455
20160803,12.35795455
20160804,12.35795455
20160805,12.35795455
20160806,12.35795455
20160807,12.35795455
20160808,12.35795455
20160809,12.35795455
20160810,12.35795455
20160811,12.35795455
20160812,12.35795455
20160813,12.35795455
20160814,12.35795455
20160815,12.35795455
20160816,12.35795455
20160817,12.35795455
20160818,12.35795455
20160819,12.35795455
20160820,12.35795455
20160821,12.35795455
20160822,12.35795455
20160823,12.35795455
20160824,12.35795455
20160825,12.35795455
20160826,12.35795455
20160827,12.35795455
20160828,12.35795455
20160829,12.35795455
20160830,12.35795455
20160831,12.35795455
20160901,12.76136364
20160902,12.76136364
20160903,12.76136364
20160904,12.76136364
20160905,12.76136364
20160906,12.76136364
20160907,12.76136364
20160908,12.76136364
20160909,12.76136364
20160910,12.76136364
20160911,12.76136364
20160912,12.76136364
20160913,12.76136364
20160914,12.76136364
20160915,12.76136364
20160916,12.76136364
20160917,12.76136364
20160918,12.76136364
20160919,12.76136364
20160920,12.76136364
20160921,12.76136364
20160922,12.76136364
20160923,12.76136364
20160924,12.76136364
20160925,12.76136364
20160926,12.76136364
20160927,12.76136364
20160928,12.76136364
20160929,12.76136364
20160930,12.76136364
20161001,16.30357143
20161002,16.30357143
20161003,16.30357143
20161004,16.30357143
20161005,16.30357143
20161006,16.30357143
20161007,16.30357143
20161008,16.30357143
20161009,16.30357143
20161010,16.30357143
20161011,16.30357143
20161012,16.30357143
20161013,16.30357143
20161014,16.30357143
20161015,16.30357143
20161016,16.30357143
20161017,16.30357143
20161018,16.30357143
20161019,16.30357143
20161020,16.30357143
20161021,16.30357143
20161022,16.30357143
20161023,16.30357143
20161024,16.30357143
20161025,16.30357143
20161026,16.30357143
20161027,16.30357143
20161028,16.30357143
20161029,16.30357143
20161030,16.30357143
20161031,16.30357143
20161101,17.93181818
20161102,17.93181818
20161103,17.93181818
20161104,17.93181818
20161105,17.93181818
20161106,17.93181818
20161107,17.93181818
20161108,17.93181818
20161109,17.93181818
20161110,17.93181818
20161111,17.93181818
20161112,17.93181818
20161113,17.93181818
20161114,17.93181818
20161115,17.93181818
20161116,17.93181818
20161117,17.93181818
20161118,17.93181818
20161119,17.93181818
20161120,17.93181818
20161121,17.93181818
20161122,17.93181818
20161123,17.93181818
20161124,17.93181818
20161125,17.93181818
20161126,17.93181818
20161127,17.93181818
20161128,17.93181818
20161129,17.93181818
20161130,17.93181818
20161201,17.40625
20161202,17.40625
20161203,17.40625
20161204,17.40625
20161205,17.40625
20161206,17.40625
20161207,17.40625
20161208,17.40625
20161209,17.40625
20161210,17.40625
20161211,17.40625
20161212,17.40625
20161213,17.40625
20161214,17.40625
20161215,17.40625
20161216,17.40625
20161217,17.40625
20161218,17.40625
20161219,17.40625
20161220,17.40625
20161221,17.40625
20161222,17.40625
20161223,17.40625
20161224,17.40625
20161225,17.40625
20161226,17.40625
20161227,17.40625
20161228,17.40625
20161229,17.40625
20161230,17.40625
20161231,17.40625
20170101,19.71428571
20170102,19.71428571
20170103,19.71428571
20170104,19.71428571
20170105,19.71428571
20170106,19.71428571
20170107,19.71428571
20170108,19.71428571
20170109,19.71428571
20170110,19.71428571
20170111,19.71428571
20170112,19.71428571
20170113,19.71428571
20170114,19.71428571
20170115,19.71428571
20170116,19.71428571
20170117,19.71428571
20170118,19.71428571
20170119,19.71428571
20170120,19.71428571
20170121,19.71428571
20170122,19.71428571
20170123,19.71428571
20170124,19.71428571
20170125,19.71428571
20170126,19.71428571
20170127,19.71428571
20170128,19.71428571
20170129,19.71428571
20170130,19.71428571
20170131,19.71428571
20170201,19.59375
20170202,19.59375
20170203,19.59375
20170204,19.59375
20170205,19.59375
20170206,19.59375
20170207,19.59375
20170208,19.59375
20170209,19.59375
20170210,19.59375
20170211,19.59375
20170212,19.59375
20170213,19.59375
20170214,19.59375
20170215,19.59375
20170216,19.59375
20170217,19.59375
20170218,19.59375
20170219,19.59375
20170220,19.59375
20170221,19.59375
20170222,19.59375
20170223,19.59375
20170224,19.59375
20170225,19.59375
20170226,19.59375
20170227,19.59375
20170228,19.59375
20170301,16.01956522
20170302,16.01956522
20170303,16.01956522
20170304,16.01956522
20170305,16.01956522
20170306,16.01956522
20170307,16.01956522
20170308,16.01956522
20170309,16.01956522
20170310,16.01956522
20170311,16.01956522
20170312,16.01956522
20170313,16.01956522
20170314,16.01956522
20170315,16.01956522
20170316,16.01956522
20170317,16.01956522
20170318,16.01956522
20170319,16.01956522
20170320,16.01956522
20170321,16.01956522
20170322,16.01956522
20170323,16.01956522
20170324,16.01956522
20170325,16.01956522
20170326,16.01956522
20170327,16.01956522
20170328,16.01956522
20170329,16.01956522
20170330,16.01956522
20170331,16.01956522
20170401,15.91111111
20170402,15.91111111
20170403,15.91111111
20170404,15.91111111
20170405,15.91111111
20170406,15.91111111
20170407,15.91111111
20170408,15.91111111
20170409,15.91111111
20170410,15.91111111
20170411,15.91111111
20170412,15.91111111
20170413,15.91111111
20170414,15.91111111
20170415,15.91111111
20170416,15.91111111
20170417,15.91111111
20170418,15.91111111
20170419,15.91111111
20170420,15.91111111
20170421,15.91111111
20170422,15.91111111
20170423,15.91111111
20170424,15.91111111
20170425,15.91111111
20170426,15.91111111
20170427,15.91111111
20170428,15.91111111
20170429,15.91111111
20170430,15.91111111
20170501,15.61785714
20170502,15.61785714
20170503,15.61785714
20170504,15.61785714
20170505,15.61785714
20170506,15.61785714
20170507,15.61785714
20170508,15.61785714
20170509,15.61785714
20170510,15.61785714
20170511,15.61785714
20170512,15.61785714
20170513,15.61785714
20170514,15.61785714
20170515,15.61785714
20170516,15.61785714
20170517,15.61785714
20170518,15.61785714
20170519,15.61785714
20170520,15.61785714
20170521,15.61785714
20170522,15.61785714
20170523,15.61785714
20170524,15.61785714
20170525,15.61785714
20170526,15.61785714
20170527,15.61785714
20170528,15.61785714
20170529,15.61785714
20170530,15.61785714
20170531,15.61785714
20170601,14.87045455
20170602,14.87045455
20170603,14.87045455
20170604,14.87045455
20170605,14.87045455
20170606,14.87045455
20170607,14.87045455
20170608,14.87045455
20170609,14.87045455
20170610,14.87045455
20170611,14.87045455
20170612,14.87045455
20170613,14.87045455
20170614,14.87045455
20170615,14.87045455
20170616,14.87045455
20170617,14.87045455
20170618,14.87045455
20170619,14.87045455
20170620,14.87045455
20170621,14.87045455
20170622,14.87045455
20170623,14.87045455
20170624,14.87045455
20170625,14.87045455
20170626,14.87045455
20170627,14.87045455
20170628,14.87045455
20170629,14.87045455
20170630,14.87045455
20170701,14.82380952
20170702,14.82380952
20170703,14.82380952
20170704,14.82380952
20170705,14.82380952
20170706,14.82380952
20170707,14.82380952
20170708,14.82380952
20170709,14.82380952
20170710,14.82380952
20170711,14.82380952
20170712,14.82380952
20170713,14.82380952
20170714,14.82380952
20170715,14.82380952
20170716,14.82380952
20170717,14.82380952
20170718,14.82380952
20170719,14.82380952
20170720,14.82380952
20170721,14.82380952
20170722,14.82380952
20170723,14.82380952
20170724,14.82380952
20170725,14.82380952
20170726,14.82380952
20170727,14.82380952
20170728,14.82380952
20170729,14.82380952
20170730,14.82380952
20170731,14.82380952
20170801,15.7375
20170802,15.7375
20170803,15.7375
20170804,15.7375
20170805,15.7375
20170806,15.7375
20170807,15.7375
20170808,15.7375
20170809,15.7375
20170810,15.7375
20170811,15.7375
20170812,15.7375
20170813,15.7375
20170814,15.7375
20170815,15.7375
20170816,15.7375
20170817,15.7375
20170818,15.7375
20170819,15.7375
20170820,15.7375
20170821,15.7375
20170822,15.7375
20170823,15.7375
20170824,15.7375
20170825,15.7375
20170826,15.7375
20170827,15.7375
20170828,15.7375
20170829,15.7375
20170830,15.7375
20170831,15.7375
20170901,17.01190476
20170902,17.01190476
20170903,17.01190476
20170904,17.01190476
20170905,17.01190476
20170906,17.01190476
20170907,17.01190476
20170908,17.01190476
20170909,17.01190476
20170910,17.01190476
20170911,17.01190476
20170912,17.01190476
20170913,17.01190476
20170914,17.01190476
20170915,17.01190476
20170916,17.01190476
20170917,17.01190476
20170918,17.01190476
20170919,17.01190476
20170920,17.01190476
20170921,17.01190476
20170922,17.01190476
20170923,17.01190476
20170924,17.01190476
20170925,17.01190476
20170926,17.01190476
20170927,17.01190476
20170928,17.01190476
20170929,17.01190476
20170930,17.01190476
20171001,17.85568182
20171002,17.85568182
20171003,17.85568182
20171004,17.85568182
20171005,17.85568182
20171006,17.85568182
20171007,17.85568182
20171008,17.85568182
20171009,17.85568182
20171010,17.85568182
20171011,17.85568182
20171012,17.85568182
20171013,17.85568182
20171014,17.85568182
20171015,17.85568182
20171016,17.85568182
20171017,17.85568182
20171018,17.85568182
20171019,17.85568182
20171020,17.85568182
20171021,17.85568182
20171022,17.85568182
20171023,18.09
20171024,17.96
20171025,18.11
20171026,18.07
20171027,18.15
20171028,18.15
20171029,18.15
20171030,18.11
20171031,18.285
20171101,18.55
20171102,18.58
20171103,18.31
20171104,18.31
20171105,18.31
20171106,19.01
20171107,19.325
20171108,19.38
20171109,19.515
20171110,19.82
20171111,19.82
20171112,19.82
20171113,19.905
20171114,19.335
20171115,19.015
20171116,19.2
20171117,18.95
20171118,18.95
20171119,18.95
20171120,19.5
20171121,19.84
20171122,19.7
20171123,19.7
20171124,20.455
20171125,20.455
20171126,20.455
20171127,20.68
20171128,20.28
20171129,20.35
20171130,20.305
20171201,20.79
20171202,20.79
20171203,20.79
20171204,21.375
20171205,21.405
20171206,21.165
20171207,21.265
20171208,20.89
20171209,20.89
20171210,20.89
20171211,21.135
20171212,21.73
20171213,20.675
20171214,21.025
20171215,21.01
20171216,21.01
20171217,21.01
20171218,20.46
20171219,19.95
20171220,20.295
20171221,20.0
20171222,19.665
20171223,19.665
20171224,19.665
20171225,19.665
20171226,19.665
20171227,19.19
20171228,19.705
20171229,19.62
20171230,19.62
20171231,19.62
20180101,19.62
20180102,19.32
20180103,19.325
20180104,19.2
20180105,18.915
20180106,18.915
20180107,18.915
20180108,19.05
20180109,19.435
20180110,19.325
20180111,19.32
20180112,19.805
20180113,19.805
20180114,19.805
20180115,19.805
20180116,18.9
20180117,18.44
20180118,18.35
20180119,18.19
20180120,18.19
20180121,18.19
20180122,18.545
20180123,18.2
20180124,17.79
20180125,17.78
20180126,17.78
20180127,17.78
20180128,17.78
20180129,17.395
20180130,17.41
20180131,17.88
20180201,18.15
20180202,18.16
20180203,18.16
20180204,18.16
20180205,17.59
20180206,17.88
20180207,18.155
20180208,17.74
20180209,17.9
20180210,17.9
20180211,17.9
20180212,17.95
20180213,18.305
20180214,18.075
20180215,17.79
20180216,18.165
20180217,18.165
20180218,18.165
20180219,18.165
20180220,19.77
20180221,19.78
20180222,19.94
20180223,20.41
20180224,20.41
20180225,20.41
20180226,18.69
20180227,19.195
20180228,17.35
20180301,17.56
20180302,17.805
20180303,17.805
20180304,17.805
20180305,17.515
20180306,17.7
20180307,17.83
20180308,18.315
20180309,18.94
20180310,18.94
20180311,18.94
20180312,19.71
20180313,19.465
20180314,18.615
20180315,18.8
20180316,18.655
20180317,18.655
20180318,18.655
20180319,18.7
20180320,19.175
20180321,19.39
20180322,19.01
20180323,18.445
20180324,18.445
20180325,18.445
20180326,17.99
20180327,18.495
20180328,18.37
20180329,18.225
20180330,18.225
20180331,18.225
20180401,18.225
20180402,18.225
20180403,18.04
20180404,18.185
20180405,18.13
20180406,18.18
20180407,18.18
20180408,18.18
20180409,18.645
20180410,18.84
20180411,19.255
20180412,19.215
20180413,19.57
20180414,19.57
20180415,19.57
20180416,19.35
20180417,19.015
20180418,19.31
20180419,19.86
20180420,19.8
20180421,19.8
20180422,19.8
20180423,19.89
20180424,19.675
20180425,19.88
20180426,20.15
20180427,20.265
20180428,20.265
20180429,20.265
20180430,20.56
20180501,20.095
20180502,19.865
20180503,19.95
20180504,20.42
20180505,20.42
20180506,20.42
20180507,20.42
20180508,20.6
20180509,20.845
20180510,21.005
20180511,21.265
20180512,21.265
20180513,21.265
20180514,21.625
20180515,21.54
20180516,21.67
20180517,22.3
20180518,22.055
20180519,22.055
20180520,22.055
20180521,22.375
20180522,22.905
20180523,22.715
20180524,22.695
20180525,21.805
20180526,21.805
20180527,21.805
20180528,21.805
20180529,22.655
20180530,22.985
20180531,22.58
20180601,21.775
20180602,21.775
20180603,21.775
20180604,21.905
20180605,21.43
20180606,21.32
20180607,21.665
20180608,21.54
20180609,21.54
20180610,21.54
20180611,21.35
20180612,21.785
20180613,22.38
20180614,22.355
20180615,21.75
20180616,21.75
20180617,21.75
20180618,22.14
20180619,21.695
20180620,21.5
20180621,21.545
20180622,21.655
20180623,21.655
20180624,21.655
20180625,21.545
20180626,21.495
20180627,22.035
20180628,21.96
20180629,21.875
20180630,21.875
20180701,21.875
20180702,22.24
20180703,22.26
20180704,22.26
20180705,22.465
20180706,22.355
20180707,22.355
20180708,22.355
20180709,22.73
20180710,22.73
20180711,22.58
20180712,21.97
20180713,22.265
20180714,22.265
20180715,22.265
20180716,22.02
20180717,21.85
20180718,22.14
20180719,22.155
20180720,21.875
20180721,21.875
20180722,21.875
20180723,22.03
20180724,22.095
20180725,22.17
20180726,22.115
20180727,21.89
20180728,21.89
20180729,21.89
20180730,22.06
20180731,22.115
20180801,21.93
20180802,21.935
20180803,22.26
20180804,22.26
20180805,22.26
20180806,22.5
20180807,22.61
20180808,22.6
20180809,22.715
20180810,22.88
20180811,22.88
20180812,22.88
20180813,23.5
20180814,23.725
20180815,23.52
20180816,23.835
20180817,24.155
20180818,24.155
20180819,24.155
20180820,24.18
20180821,24.405
20180822,24.45
20180823,24.76
20180824,24.975
20180825,24.975
20180826,24.975
20180827,25.41
20180828,25.36
20180829,25.87
20180830,26.13
20180831,25.835
20180901,25.835
20180902,25.835
20180903,25.835
20180904,26.71
20180905,27.02
20180906,27.455
20180907,27.99
20180908,27.99
20180909,27.99
20180910,29.125
20180911,28.78
20180912,27.495
20180913,26.81
20180914,26.93
20180915,26.93
20180916,26.93
20180917,28.075
20180918,27.41
20180919,28.32
20180920,28.59
20180921,28.725
20180922,28.725
20180923,28.725
20180924,29.245
20180925,29.23
20180926,28.26
20180927,27.575
20180928,27.33
20180929,27.33
20180930,27.33
20181001,27.445
20181002,27.255
20181003,27.115
20181004,27.47
20181005,27.9
20181006,27.9
20181007,27.9
20181008,27.22
20181009,26.835
20181010,26.22
20181011,25.76
20181012,26.63
20181013,26.63
20181014,26.63
20181015,26.625
20181016,26.33
20181017,25.94
20181018,26.025
20181019,26.86
20181020,26.86
20181021,26.86
20181022,26.115
20181023,25.665
20181024,25.26
20181025,24.865
20181026,24.28
20181027,24.28
20181028,24.28
20181029,24.58
20181030,23.875
20181031,24.335
20181101,23.65
20181102,24.285
20181103,24.285
20181104,24.285
20181105,23.81
20181106,23.895
20181107,24.42
20181108,24.43
20181109,24.325
20181110,24.325
20181111,24.325
20181112,25.955
20181113,26.52
20181114,26.28
20181115,26.675
20181116,25.955
20181117,25.955
20181118,25.955
20181119,24.15
20181120,24.35
20181121,24.5
20181122,24.5
20181123,24.82
20181124,24.82
20181125,24.82
20181126,24.545
20181127,25.16
20181128,24.3
20181129,24.635
20181130,24.69
20181201,24.69
20181202,24.69
20181203,25.085
20181204,24.415
20181205,23.82
20181206,23.165
20181207,23.145
20181208,23.145
20181209,23.145
20181210,23.25
20181211,23.62
20181212,23.92
20181213,24.225
20181214,24.645
20181215,24.645
20181216,24.645
20181217,24.68
20181218,23.73
20181219,24.21
20181220,24.605
20181221,24.9
20181222,24.9
20181223,24.9
20181224,24.245
20181225,24.245
20181226,24.245
20181227,23.32
20181228,22.81
20181229,22.81
20181230,22.81
20181231,21.98
20190101,21.98
20190102,22.475
20190103,22.255
20190104,22.93
20190105,22.93
20190106,22.93
20190107,21.53
20190108,22.09
20190109,21.72
20190110,21.675
20190111,22.255
20190112,22.255
20190113,22.255
20190114,21.675
20190115,22.0
20190116,22.005
20190117,22.995
20190118,22.605
20190119,22.605
20190120,22.605
20190121,22.605
20190122,21.815
20190123,22.19
20190124,21.28
20190125,20.89
20190126,20.89
20190127,20.89
20190128,20.55
20190129,20.585
20190130,20.18
20190131,19.85
20190201,19.3
20190202,19.3
20190203,19.3
20190204,19.355
20190205,19.14
20190206,18.915
20190207,18.91
20190208,18.265
20190209,18.265
20190210,18.265
20190211,18.055
20190212,17.785
20190213,18.02
20190214,17.755
20190215,18.1
20190216,18.1
20190217,18.1
20190218,18.1
20190219,17.705
20190220,18.145
20190221,17.52
20190222,17.23
20190223,17.23
20190224,17.23
20190225,16.945
20190226,17.045
20190227,17.615
20190228,17.815
20190301,17.32
20190302,17.32
20190303,17.32
20190304,17.4
20190305,17.18
20190306,16.85
20190307,16.87
20190308,16.73
20190309,16.73
20190310,16.73
20190311,16.625
20190312,16.21
20190313,15.725
20190314,15.605
20190315,15.25
20190316,15.25
20190317,15.25
20190318,14.98
20190319,15.005
20190320,15.215
20190321,14.565
20190322,14.455
20190323,14.455
20190324,14.455
20190325,14.185
20190326,14.385
20190327,14.995
20190328,14.43
20190329,14.215
20190330,14.215
20190331,14.215
20190401,13.845
20190402,13.455
20190403,14.19
20190404,14.805
20190405,16.635
20190406,16.635
20190407,16.635
20190408,15.965
20190409,16.755
20190410,15.73
20190411,15.995
20190412,15.855
20190413,15.855
20190414,15.855
20190415,15.01
20190416,14.835
20190417,15.195
20190418,14.46
20190419,14.46
20190420,14.46
20190421,14.46
20190422,14.46
20190423,14.42
20190424,14.265
20190425,14.535
20190426,14.425
20190427,14.425
20190428,14.425
20190429,14.525
20190430,14.39
20190501,14.055
20190502,14.365
20190503,14.565
20190504,14.565
20190505,14.565
20190506,14.335
20190507,14.155
20190508,14.32
20190509,14.455
20190510,13.995
20190511,13.995
20190512,13.995
20190513,13.76
20190514,13.785
20190515,13.855
20190516,13.385
20190517,12.855
20190518,12.855
20190519,12.855
20190520,12.905
20190521,12.705
20190522,12.65
20190523,12.595
20190524,12.25
20190525,12.25
20190526,12.25
20190527,12.25
20190528,12.52
20190529,12.225
20190530,11.475
20190531,11.205
20190601,11.205
20190602,11.205
20190603,11.1
20190604,11.91
20190605,11.6
20190606,11.105
20190607,11.52
20190608,11.52
20190609,11.52
20190610,11.805
20190611,11.2
20190612,11.14
20190613,11.395
20190614,11.32
20190615,11.32
20190616,11.32
20190617,11.57
20190618,11.035
20190619,10.485
20190620,10.15
20190621,10.355
20190622,10.355
20190623,10.355
20190624,10.2
20190625,9.845
20190626,9.62
20190627,9.375
20190628,10.115
20190629,10.115
20190630,10.115
20190701,10.365
20190702,10.225
20190703,10.295
20190704,10.295
20190705,11.215
20190706,11.215
20190707,11.215
20190708,11.88
20190709,11.76
20190710,12.135
20190711,13.13
20190712,13.28
20190713,13.28
20190714,13.28
20190715,12.895
20190716,11.415
20190717,10.99
20190718,10.735
20190719,10.815
20190720,10.815
20190721,10.815
20190722,10.16
20190723,10.75
20190724,10.075
20190725,10.025
20190726,9.965
20190727,9.965
20190728,9.965
20190729,9.81
20190730,9.79
20190731,11.0
20190801,12.36
20190802,12.015
20190803,12.015
20190804,12.015
20190805,11.465
20190806,10.95
20190807,11.41
20190808,12.075
20190809,12.025
20190810,12.025
20190811,12.025
20190812,11.42
20190813,11.86
20190814,11.18
20190815,11.225
20190816,10.955
20190817,10.955
20190818,10.955
20190819,10.785
20190820,11.215
20190821,11.415
20190822,10.99
20190823,10.585
20190824,10.585
20190825,10.585
20190826,10.315
20190827,10.07
20190828,10.235
20190829,10.715
20190830,12.795
20190831,12.795
20190901,12.795
20190902,12.795
20190903,12.1
20190904,11.96
20190905,12.235
20190906,12.35
20190907,12.35
20190908,12.35
20190909,12.235
20190910,14.405
20190911,14.355
20190912,14.465
20190913,14.71
20190914,14.71
20190915,14.71
20190916,15.335
20190917,13.44
20190918,12.435
20190919,12.255
20190920,12.71
20190921,12.71
20190922,12.71
20190923,12.245
20190924,12.34
20190925,11.95
20190926,12.045
20190927,11.94
20190928,11.94
20190929,11.94
20190930,16.39
20191001,16.76
20191002,16.005
20191003,16.01
20191004,15.77
20191005,15.77
20191006,15.77
20191007,15.505
20191008,15.64
20191009,15.575
20191010,15.85
20191011,16.135
20191012,16.135
20191013,16.135
20191014,16.04
20191015,16.065
20191016,16.075
20191017,16.025
20191018,15.965
20191019,15.965
20191020,15.965
20191021,15.61
20191022,15.595
20191023,15.415
20191024,15.655
20191025,15.235
20191026,15.235
20191027,15.235
20191028,14.39
20191029,13.835
20191030,13.78
20191031,16.135
20191101,16.175
20191102,16.175
20191103,16.175
20191104,16.48
20191105,16.79
20191106,16.28
20191107,16.12
20191108,15.94
20191109,15.94
20191110,15.94
20191111,15.845
20191112,15.545
20191113,15.45
20191114,15.67
20191115,15.715
20191116,15.715
20191117,15.715
20191118,15.23
20191119,15.29
20191120,15.59
20191121,15.625
20191122,16.05
20191123,16.05
20191124,16.05
20191125,16.235
20191126,15.85
20191127,15.98
20191128,15.98
20191129,16.33
20191130,16.33
20191201,16.33
20191202,15.81
20191203,15.77
20191204,15.88
20191205,15.415
20191206,15.14
20191207,15.14
20191208,15.14
20191209,14.89
20191210,14.53
20191211,14.045
20191212,14.77
20191213,13.805
20191214,13.805
20191215,13.805
20191216,13.89
20191217,14.46
20191218,14.95
20191219,15.005
20191220,14.235
20191221,14.235
20191222,14.235
20191223,13.025
20191224,12.605
20191225,12.605
20191226,12.605
20191227,12.765
20191228,12.765
20191229,12.765
20191230,12.295
20191231,12.05
20200101,12.05
20200102,12.075
20200103,12.985
20200104,12.985
20200105,12.985
20200106,12.28
20200107,11.93
20200108,11.965
20200109,12.18
20200110,11.94
20200111,11.94
20200112,11.94
20200113,12.055
20200114,11.305
20200115,11.18
20200116,11.115
20200117,10.93
20200118,10.93
20200119,10.93
20200120,10.93
20200121,10.775
20200122,10.455
20200123,10.43
20200124,10.455
20200125,10.455
20200126,10.455
20200127,10.525
20200128,10.79
20200129,10.15
20200130,9.78
20200131,9.755
20200201,9.755
20200202,9.755
20200203,9.21
20200204,9.365
20200205,9.315
20200206,9.15
20200207,9.07
20200208,9.07
20200209,9.07
20200210,8.645
20200211,8.555
20200212,8.72
20200213,8.89
20200214,8.88
20200215,8.88
20200216,8.88
20200217,8.88
20200218,9.38
20200219,9.57
20200220,9.565
20200221,9.41
20200222,9.41
20200223,9.41
20200224,9.045
20200225,9.005
20200226,9.07
20200227,8.87
20200228,8.875
20200229,8.875
20200301,8.875
20200302,8.885
20200303,9.17
20200304,8.91
20200305,8.85
20200306,8.645
20200307,8.645
20200308,8.645
20200309,8.625
20200310,8.995
20200311,9.37
20200312,9.325
20200313,9.285
20200314,9.285
20200315,9.285
20200316,8.74
20200317,8.47
20200318,8.265
20200319,8.545
20200320,8.295
20200321,8.295
20200322,8.295
20200323,7.85
20200324,7.91
20200325,7.745
20200326,7.575
20200327,7.22
20200328,7.22
20200329,7.22
20200330,6.895
20200331,6.9
20200401,6.825
20200402,6.935
20200403,6.92
20200404,6.92
20200405,6.92
20200406,7.285
20200407,7.285
20200408,7.26
20200409,7.28
20200410,7.28
20200411,7.28
20200412,7.28
20200413,7.28
20200414,6.875
20200415,6.65
20200416,6.905
20200417,6.995
20200418,6.995
20200419,6.995
20200420,6.62
20200421,6.315
20200422,6.225
20200423,6.055
20200424,5.77
20200425,5.77
20200426,5.77
20200427,5.94
20200428,6.145
20200429,6.015
20200430,6.22
20200501,5.845
20200502,5.845
20200503,5.845
20200504,5.74
20200505,5.675
20200506,5.765
20200507,5.845
20200508,5.83
20200509,5.83
20200510,5.83
20200511,5.705
20200512,5.315
20200513,5.12
20200514,5.265
20200515,5.22
20200516,5.22
20200517,5.22
20200518,4.92
20200519,4.61
20200520,4.46
20200521,3.825
20200522,3.89
20200523,3.89
20200524,3.89
20200525,3.89
20200526,4.125
20200527,3.695
20200528,3.51
20200529,4.385
20200530,4.385
20200531,4.385
20200601,4.055
20200602,4.85
20200603,5.33
20200604,5.39
20200605,5.71
20200606,5.71
20200607,5.71
20200608,5.25
20200609,4.805
20200610,4.8
20200611,4.99
20200612,5.275
20200613,5.275
20200614,5.275
20200615,5.515
20200616,5.26
20200617,5.21
20200618,5.45
20200619,5.615
20200620,5.615
20200621,5.615
20200622,5.495
20200623,5.83
20200624,5.665
20200625,5.255
20200626,5.105
20200627,5.105
20200628,5.105
20200629,5.84
20200630,6.165
20200701,5.865
20200702,5.945
20200703,5.945
20200704,5.945
20200705,5.945
20200706,6.095
20200707,6.125
20200708,5.935
20200709,5.755
20200710,5.475
20200711,5.475
20200712,5.475
20200713,5.11
20200714,5.085
20200715,5.225
20200716,5.06
20200717,5.115
20200718,5.115
20200719,5.115
20200720,4.73
20200721,4.79
20200722,4.83
20200723,4.985
20200724,5.01
20200725,5.01
20200726,5.01
20200727,4.785
20200728,4.96
20200729,5.175
20200730,5.225
20200731,6.025
20200801,6.025
20200802,6.025
20200803,6.8
20200804,7.355
20200805,7.32
20200806,7.94
20200807,7.93
20200808,7.93
20200809,7.93
20200810,7.59
20200811,7.415
20200812,7.17
20200813,7.31
20200814,8.02
20200815,8.02
20200816,8.02
20200817,8.18
20200818,8.55
20200819,8.355
20200820,8.15
20200821,7.62
20200822,7.62
20200823,7.62
20200824,8.36
20200825,8.865
20200826,9.15
20200827,8.87
20200828,11.17
20200829,11.17
20200830,11.17
20200831,11.24
20200901,11.295
20200902,11.11
20200903,11.735
20200904,11.68
20200905,11.68
20200906,11.68
20200907,11.68
20200908,10.8
20200909,10.735
20200910,10.515
20200911,10.495
20200912,10.495
20200913,10.495
20200914,10.705
20200915,10.895
20200916,11.32
20200917,11.12
20200918,11.475
20200919,11.475
20200920,11.475
20200921,11.495
20200922,11.705
20200923,12.02
20200924,11.635
20200925,11.665
20200926,11.665
20200927,11.665
20200928,12.35
20200929,12.28
20200930,13.285
20201001,13.18
20201002,13.025
20201003,13.025
20201004,13.025
20201005,13.42
20201006,13.305
20201007,13.71
20201008,13.9
20201009,13.755
20201010,13.755
20201011,13.755
20201012,13.84
20201013,13.595
20201014,13.87
20201015,14.24
20201016,14.5
20201017,14.5
20201018,14.5
20201019,14.72
20201020,14.895
20201021,14.865
20201022,15.255
20201023,15.41
20201024,15.41
20201025,15.41
20201026,14.865
20201027,14.745
20201028,14.485
20201029,14.215
20201030,14.06
20201031,14.06
20201101,14.06
20201102,13.655
20201103,13.665
20201104,13.885
20201105,14.455
20201106,13.9
20201107,13.9
20201108,13.9
20201109,13.855
20201110,14.035
20201111,14.095
20201112,14.0
20201113,14.24
20201114,14.24
20201115,14.24
20201116,14.495
20201117,13.97
20201118,13.68
20201119,13.02
20201120,12.895
20201121,12.895
20201122,12.895
20201123,13.535
20201124,13.9
20201125,13.93
20201126,13.93
20201127,14.485
20201128,14.485
20201129,14.485
20201130,15.14
20201201,14.91
20201202,14.905
20201203,14.145
20201204,14.645
20201205,14.645
20201206,14.645
20201207,14.355
20201208,14.445
20201209,14.735
20201210,15.54
20201211,15.96
20201212,15.96
20201213,15.96
20201214,16.605
20201215,17.225
20201216,16.38
20201217,15.94
20201218,15.885
20201219,15.885
20201220,15.885
20201221,16.795
20201222,17.635
20201223,17.505
20201224,17.65
20201225,17.65
20201226,17.65
20201227,17.65
20201228,19.15
20201229,18.775
20201230,19.0
20201231,19.125
20210101,19.125
20210102,19.125
20210103,19.125
20210104,19.845
20210105,18.005
20210106,17.565
20210107,19.305
20210108,20.12
20210109,20.12
20210110,20.12
20210111,22.125
20210112,26.155
20210113,21.5
20210114,21.335
20210115,20.2
20210116,20.2
20210117,20.2
20210118,20.2
20210119,20.325
20210120,20.26
20210121,20.065
20210122,21.485
20210123,21.485
20210124,21.485
20210125,20.16
20210126,19.51
20210127,19.7
20210128,20.91
20210129,19.82
20210130,19.82
20210131,19.82
20210201,18.14
20210202,18.25
20210203,17.855
20210204,18.12
20210205,18.38
20210206,18.38
20210207,18.38
20210208,20.18
20210209,19.045
20210210,18.56
20210211,17.375
20210212,17.62
20210213,17.62
20210214,17.62
20210215,17.62
20210216,16.715
20210217,16.54
20210218,17.33
20210219,16.555
20210220,16.555
20210221,16.555
20210222,15.96
20210223,16.25
20210224,16.38
20210225,15.935
20210226,15.695
20210227,15.695
20210228,15.695
20210301,16.08
20210302,15.87
20210303,15.525
20210304,15.93
20210305,16.365
20210306,16.365
20210307,16.365
20210308,16.15
20210309,16.925
20210310,17.63
20210311,18.125
20210312,18.45
20210313,18.45
20210314,18.45
20210315,17.93
20210316,17.66
20210317,17.97
20210318,17.76
20210319,17.265
20210320,17.265
20210321,17.265
20210322,18.045
20210323,18.39
20210324,18.59
20210325,18.365
20210326,18.7
20210327,18.7
20210328,18.7
20210329,18.445
20210330,18.805
20210331,18.995
20210401,19.17
20210402,19.17
20210403,19.17
20210404,19.17
20210405,19.17
20210406,19.78
20210407,19.285
20210408,18.99
20210409,18.94
20210410,18.94
20210411,18.94
20210412,19.65
20210413,19.51
20210414,19.68
20210415,20.26
20210416,20.54
20210417,20.54
20210418,20.54
20210419,20.94
20210420,21.065
20210421,21.11
20210422,21.37
20210423,20.045
20210424,20.045
20210425,20.045
20210426,20.0
20210427,21.405
20210428,21.555
20210429,22.5
20210430,23.285
20210501,23.285
20210502,23.285
20210503,23.815
20210504,23.05
20210505,23.96
20210506,24.33
20210507,23.94
20210508,23.94
20210509,23.94
20210510,25.19
20210511,25.805
20210512,26.42
20210513,26.25
20210514,26.83
20210515,26.83
20210516,26.83
20210517,26.31
20210518,24.81
20210519,22.665
20210520,24.685
20210521,24.795
20210522,24.795
20210523,24.795
20210524,24.76
20210525,26.19
20210526,26.425
20210527,25.2
20210528,24.93
20210529,24.93
20210530,24.93
20210531,24.93
20210601,25.975
20210602,25.725
20210603,25.705
20210604,25.795
20210605,25.795
20210606,25.795
20210607,26.49
20210608,27.8
20210609,28.3
20210610,28.685
20210611,27.845
20210612,27.845
20210613,27.845
20210614,28.81
20210615,28.135
20210616,28.03
20210617,28.31
20210618,29.405
20210619,29.405
20210620,29.405
20210621,29.615
20210622,30.735
20210623,31.545
20210624,32.015
20210625,32.385
20210626,32.385
20210627,32.385
20210628,32.29
20210629,33.486
20210630,34.62
20210701,36.145
20210702,35.827
20210703,35.827
20210704,35.827
20210705,35.827
20210706,34.105
20210707,32.34
20210708,33.31
20210709,36.632
20210710,36.632
20210711,36.632
20210712,34.65
20210713,35.465
20210714,34.775
20210715,33.795
20210716,34.84
20210717,34.84
20210718,34.84
20210719,35.65
20210720,35.165
20210721,35.95
20210722,36.13
20210723,35.525
20210724,35.525
20210725,35.525
20210726,36.915
20210727,37.59
20210728,39.7
20210729,41.154
20210730,40.755
20210731,40.755
20210801,40.755
20210802,42.155
20210803,41.245
20210804,42.255
20210805,42.9
20210806,43.12
20210807,43.12
20210808,43.12
20210809,42.785
20210810,44.655
20210811,45.985
20210812,45.87
20210813,44.63
20210814,44.63
20210815,44.63
20210816,47.99
20210817,46.95
20210818,45.385
20210819,40.395
20210820,41.944
20210821,41.944
20210822,41.944
20210823,41.68
20210824,44.87
20210825,45.285
20210826,45.79
20210827,47.806
20210828,47.806
20210829,47.806
20210830,49.68
20210831,50.34
20210901,50.23
20210902,51.915
20210903,51.505
20210904,51.505
20210905,51.505
20210906,51.505
20210907,53.91
20210908,55.29
20210909,56.58
20210910,57.916
20210911,57.916
20210912,57.916
20210913,61.28
20210914,65.765
20210915,70.705
20210916,63.25
20210917,65.103
20210918,65.103
20210919,65.103
20210920,75.315
20210921,73.78
20210922,71.69
20210923,69.685
20210924,70.24
20210925,70.24
20210926,70.24
20210927,76.505
20210928,78.565
20210929,86.609
20210930,97.775
20211001,93.625
20211002,93.625
20211003,93.625
20211004,96.65
20211005,116.02
20211006,108.19
20211007,96.585
20211008,87.605
20211009,87.605
20211010,87.605
20211011,85.215
20211012,85.7
20211013,93.615
20211014,102.17
20211015,93.65
20211016,93.65
20211017,93.65
20211018,93.935
20211019,89.93
20211020,93.45
20211021,88.465
20211022,87.34
20211023,87.34
20211024,87.34
20211025,88.645
20211026,88.495
20211027,86.82
20211028,77.032
20211029,64.865
20211030,64.865
20211031,64.865
20211101,65.62
20211102,67.605
20211103,76.54
20211104,73.375
20211105,74.025
20211106,74.025
20211107,74.025
20211108,79.075
20211109,72.585
20211110,70.125
20211111,74.79
20211112,75.675
20211113,75.675
20211114,75.675
20211115,79.945
20211116,94.19
20211117,95.005
20211118,95.165
20211119,87.125
20211120,87.125
20211121,87.125
20211122,84.015
20211123,90.925
20211124,93.985
20211125,93.3
20211126,87.772
20211127,87.772
20211128,87.772
20211129,93.146
20211130,92.515
20211201,95.675
20211202,94.83
20211203,89.48
20211204,89.48
20211205,89.48
20211206,89.93
20211207,95.885
20211208,101.5
20211209,100.445
20211210,105.775
20211211,105.775
20211212,105.775
20211213,116.085
20211214,128.3
20211215,132.285
20211216,142.765
20211217,136.915
20211218,136.915
20211219,136.915
20211220,146.925
20211221,180.265
20211222,172.875
20211223,132.58
20211224,132.58
20211225,132.58
20211226,132.58
20211227,106.895
20211228,106.59
20211229,96.475
20211230,87.027
20211231,70.345
20220101,70.345
20220102,70.345
20220103,80.435
20220104,88.74
20220105,91.52
20220106,96.5
20220107,88.175
20220108,88.175
20220109,88.175
20220110,84.605
20220111,78.735
20220112,75.155
20220113,85.46
20220114,86.97
20220115,86.97
20220116,86.97
20220117,78.22
20220118,78.335
20220119,75.6
20220120,75.205
20220121,78.98
20220122,78.98
20220123,78.98
20220124,93.0
20220125,93.58
20220126,91.835
20220127,92.3
20220128,92.062
20220129,92.062
20220130,92.062
20220131,84.67
20220201,76.165
20220202,77.35
20220203,80.225
20220204,82.65
20220205,82.65
20220206,82.65
20220207,79.595
20220208,77.3
20220209,74.415
20220210,74.355
20220211,77.425
20220212,77.425
20220213,77.425
20220214,80.77
20220215,70.92
20220216,69.795
20220217,74.915
20220218,73.76
20220219,73.76
20220220,73.76
20220221,71.72
20220222,79.79
20220223,88.89
20220224,134.315
20220225,94.422
20220226,94.422
20220227,94.422
20220228,98.595
20220301,121.675
20220302,165.545
20220303,160.825
20220304,192.55
20220305,192.55
20220306,192.55
20220307,227.2
20220308,214.555
20220309,155.88
20220310,126.4
20220311,131.23
20220312,131.23
20220313,131.23
20220314,114.52
20220315,115.44
20220316,102.625
20220317,105.09
20220318,105.045
20220319,105.045
20220320,105.045
20220321,96.302
20220322,98.745
20220323,117.0
20220324,111.61
20220325,101.27
20220326,101.27
20220327,101.27
20220328,102.545
20220329,108.38
20220330,118.97
20220331,125.905
20220401,112.15
20220402,112.15
20220403,112.15
20220404,109.525
20220405,108.565
20220406,106.79
20220407,104.565
20220408,103.88
20220409,103.88
20220410,103.88
20220411,100.135
20220412,102.22
20220413,105.325
20220414,95.62
20220415,95.62
20220416,95.62
20220417,95.62
20220418,95.62
20220419,93.77
20220420,94.23
20220421,100.06
20220422,94.875
20220423,94.875
20220424,94.875
20220425,92.835
20220426,103.21
20220427,107.425
20220428,100.142
20220429,99.45
20220430,99.45
20220501,99.45
20220502,97.05
20220503,99.425
20220504,103.82
20220505,106.51
20220506,101.71
20220507,101.71
20220508,101.71
20220509,93.785
20220510,98.8
20220511,94.01
20220512,106.7
20220513,96.88
20220514,96.88
20220515,96.88
20220516,92.86
20220517,94.175
20220518,94.54
20220519,91.025
20220520,87.9
20220521,87.9
20220522,87.9
20220523,83.29
20220524,84.505
20220525,88.08
20220526,85.97
20220527,86.875
20220528,86.875
20220529,86.875
20220530,86.875
20220531,94.005
20220601,85.55
20220602,83.945
20220603,83.1
20220604,83.1
20220605,83.1
20220606,82.56
20220607,79.61
20220608,79.405
20220609,84.88
20220610,82.465
20220611,82.465
20220612,82.465
20220613,83.4
20220614,97.04
20220615,120.33
20220616,124.365
20220617,117.74
20220618,117.74
20220619,117.74
20220620,117.74
20220621,125.56
20220622,127.17
20220623,133.345
20220624,128.505
20220625,128.505
20220626,128.505
20220627,129.46
20220628,129.175
20220629,139.588
20220630,144.515
20220701,147.785
20220702,147.785
20220703,147.785
20220704,147.785
20220705,165.075
20220706,171.0
20220707,183.185
20220708,175.21
20220709,175.21
20220710,175.21
20220711,164.52
20220712,172.61
20220713,180.505
20220714,175.035
20220715,159.565
20220716,159.565
20220717,159.565
20220718,157.26
20220719,154.455
20220720,155.04
20220721,155.6
20220722,159.865
20220723,159.865
20220724,159.865
20220725,176.615
20220726,199.92
20220727,205.225
20220728,198.93
20220729,190.915
20220730,190.915
20220731,190.915
20220801,200.795
20220802,205.175
20220803,199.195
20220804,199.25
20220805,196.32
20220806,196.32
20220807,196.32
20220808,193.055
20220809,192.185
20220810,205.365
20220811,208.11
20220812,206.11
20220813,206.11
20220814,206.11
20220815,220.11
20220816,225.915
20220817,225.835
20220818,241.005
20220819,244.55
20220820,244.55
20220821,244.55
20220822,276.75
20220823,269.05
20220824,292.15
20220825,321.415
20220826,339.195
20220827,339.195
20220828,339.195
20220829,272.605
20220830,252.937
20220831,239.905
20220901,243.005
20220902,214.665
20220903,214.665
20220904,214.665
20220905,214.665
20220906,239.84
20220907,213.885
20220908,220.54
20220909,207.09
20220910,207.09
20220911,207.09
20220912,190.59
20220913,198.61
20220914,217.88
20220915,214.285
20220916,187.795
20220917,187.795
20220918,187.795
20220919,182.26
20220920,194.26
20220921,189.78
20220922,187.47
20220923,185.495
20220924,185.495
20220925,185.495
20220926,173.835
20220927,186.1
20220928,207.185
20220929,187.665
20220930,188.8
20221001,188.8
20221002,188.8
20221003,169.91
20221004,161.95
20221005,173.695
20221006,175.71
20221007,156.205
20221008,156.205
20221009,156.205
20221010,154.12
20221011,156.78
20221012,160.19
20221013,153.81
20221014,141.995
20221015,141.995
20221016,141.995
20221017,127.98
20221018,113.22
20221019,112.51
20221020,127.145
20221021,113.575
20221022,113.575
20221023,113.575
20221024,99.17
20221025,99.795
20221026,104.32
20221027,107.385
20221028,112.244
20221029,112.244
20221030,112.244
20221031,123.35
20221101,116.195
20221102,125.865
20221103,125.445
20221104,114.785
20221105,114.785
20221106,114.785
20221107,109.685
20221108,118.145
20221109,113.145
20221110,113.45
20221111,97.855
20221112,97.855
20221113,97.855
20221114,113.705
20221115,124.105
20221116,113.9
20221117,112.555
20221118,115.51
20221119,115.51
20221120,115.51
20221121,116.13
20221122,119.64
20221123,129.62
20221124,129.62
20221125,124.37
20221126,124.37
20221127,124.37
20221128,123.28
20221129,132.286
20221130,146.395
20221201,139.26
20221202,135.56
20221203,135.56
20221204,135.56
20221205,134.7
20221206,138.49
20221207,149.245
20221208,138.895
20221209,139.115
20221210,139.115
20221211,139.115
20221212,136.59
20221213,137.53
20221214,131.51
20221215,134.765
20221216,115.45
20221217,115.45
20221218,115.45
20221219,108.545
20221220,105.69
20221221,97.75
20221222,91.94
20221223,82.975
20221224,82.975
20221225,82.975
20221226,82.975
20221227,80.045
20221228,81.35
20221229,83.83
20221230,76.315
20221231,76.315
